Klinik / Doktor,İl,İlçe,Adres,Telefon,Web,Instagram,WhatsApp,Öne Çıkan,Aktif
Nera Clinic / Dr. Nuran Erdağı,İstanbul,Bakırköy,Şenlikköy Mh. Florya Cad. No:47/A Bakırköy İstanbul,0212 425 23 93,https://www.neraclinic.com,,,,Evet
Prof. Dr. Gökhan Okan,İstanbul,Bakırköy,"Çobançeşme E-5 Yan Yol Cad No: 20-113 B Blok, 4. Kat. D: 62 Bakırköy İstanbul",0212 552 60 60,https://www.gokhanokan.com,,,,Evet
Prof. Dr. Ozan Seymen Sezen,İstanbul,Kadıköy,"Suadiye, Bağdat Cad. Pınar Apartmanı Kat: 1, No: 421/5, 34740 Kadıköy/İstanbul",0545 355 43 34,https://www.ozanseymen.com/tr/,,,,Evet
Dr. Mert Gençoğlu,İstanbul,Şişli,Meşrutiyet Mah. Rumeli Cd. Zeki Bey apt No:80 D:3 Kat: 1 Şişli İstanbul,0531 667 11 11,https://www.drmertgencoglu.com,,,,Evet
Prof. Dr. Selma Bakar Dertlioğlu,Elazığ,Elazığ Merkez,Nail Bey Mah Vali Fahri Bey Cad Batı Kırtasiye Üzeri Kat.1 Elazığ Merkez/Elazığ,0424 238 38 34,,https://www.instagram.com/profdrselmabakardertlioglu/,,,Evet
Acıbadem Atakent Hastanesi / Doç. Dr. Filiz Gülüstan,İstanbul,Küçükçekmece,"Halkalı Merkez, Turgut Özal Bulvari No:16, 34303 Küçükçekmece/İstanbul",0212 444 55 44,https://www.acibadem.com.tr/doktor/filiz-gulustan/,,,,Evet
Uzm. Dr. Görkem Oruç Adalı,İstanbul,Üsküdar,Acıbadem Mah Derin Sok Acıbadem Akasya Kent Etabı No 8/A D.51 Üsküdar,0531 320 75 00,,https://www.instagram.com/uzm.dr.gorkemorucadali,,,Evet
Uzm. Dr. Şafak Göktaş,İstanbul,Kadıköy,Zühtü Paşa Mh. Bağdat Cad. No:28 Kadıköy İstanbul,0530 601 14 78,https://www.safakgoktas.com,,,,Evet
Uzm. Dr. Emre Araz,İstanbul,Başakşehir,Bahçeşehir 2. Kısım Avni Akyol Bulvarı Mah. No7 Başakşehir İstanbul,0537 483 39 51,https://www.dremrearaz.com,,,,Evet
Uzm. Dr. Yemliha Bozkurt,Adana,Çukurova,"Adanorm teras, Belediye Evleri, Dr. Sadık Ahmet Blv. B blok kat:3 no:24, 01360 Çukurova/Adana",0533 613 38 99,https://www.dryemlihabozkurt.com/,,,,Evet
Uzm. Dr. Fatma Şen Gerçeker,Ordu,Ünye,Atatürk mh. Ayanikola sk. No:2A Ünye/Ordu,0533 277 47 52,,http://www.instagram.com/dr.fatmasengerceker/,,,Evet
Uzm. Dr. Esra Azman,İstanbul,Başakşehir,"Kayabaşı, Nidakule Kayaşehir, Kayaşehir Blv no:45 Kat:4, Ofis No:14, Başakşehir İstanbul",0212 630 00 90,https://www.esraazman.com,,,,Evet
Uzm.Dr.Gökhan Gürül,İstanbul,Bağcılar,"Polat Towers, Mahmutbey, Taşocağı Yolu Cad. no:1 kat:9 daire no: 77, 34218 Bağcılar/İstanbul",0545 127 06 28,https://www.drgokhangurul.com/,,,,Evet
Liv Hospital Ulus / Uzm. Dr. Ömer Gezdur,İstanbul,Beşiktaş,Ahmet Adnan Saygun Cad. Canan Sok. No:5 34340 Beşiktaş İstanbul,0212 444 45 48,https://www.livhospital.com/uzm-dr-omer-gezdur,,,,Evet
Avrasya Hospital / Uzm. Dr. Deniz Yardımcı,İstanbul,Zeytinburnu,Beştelsiz Mah. 101. Sokak. No:107 (Akşemsettin Tramvay Durağı yanı) Zeytinburnu,0506 973 48 24,https://www.avrasyahospital.com.tr/,,,,Evet
Uzm. Dr. Melek Baş,Edirne,Keşan,Büyük Cami Fevzi Çakmak Cd Keşan/Edirne,0284 714 84 04,,https://www.instagram.com/uzm_dr_melek_bas,,,Evet
Uzm. Dr. Senem Aslan Kurtuluş,İstanbul,Tuzla,Teknik Yapı Evora Sitesi A11/68 Tuzla/İstanbul,0505 397 81 10,,,,,Evet
Uzm.Dr.Emel Gökalp,Eskişehir,Tepebaşı,Hoşnudiye mh 734.sk no 21 d101 tepebaşı Eskişehir,0505 928 26 93,,https://www.instagram.com/uzmdremelgokalp/,,,Evet
Uzm. Dr. Selda Kap,Çanakkale,Merkez,Barbaros mah. Atatürk Cd. Boğaziçi konakları No:300 A1 blok No:2 Yeni kordon Merkez Çanakkale,0542 153 25 17,https://www.uzmdrseldakap.com,,,,Evet
Op.Dr.M.Eren Şimşek,Malatya,Battalgazi,Paşaköşkü mah pembe sokak no 10/A Battalgazi/Malatya,0553 098 30 22,,,,,Evet
Medicana Zincirlikuyu Hastanesi,İstanbul,Şişli,"Esentepe, Büyükdere Cd. No:165, 34394 Şişli/İstanbul",0212 970 79 70,https://www.medicana.com.tr/zincirlikuyu,,,,Evet
Op. Dr. Sümeyra Okur Salman,İstanbul,Ümraniye,"Limonlu Bahçe Konakları, Yamanevler mahallesi Alemdağ caddesi no:171H, B2 blok daire: 23 kat:5, 34768 Ümraniye/İstanbul",0850 811 83 98,https://sumeyraokursalman.com/,,,,Evet
Dr. Gizem Kağıtçı,İstanbul,Bakırköy,"Zuhuratbaba mahallesi, Incirli caddesi, Meydan Plaza no:17 kat:1 daire:2 Bakirkoy/Istanbul",0532 696 40 86,http://www.drgizemkagitci.com/,,,,Evet
Dr. Emrah Cinik,İstanbul,Beşiktaş,"Dikilitaş, Ayazmaderesi Cd No: 4, 34349 Beşiktaş/İstanbul",0549 641 37 01,https://emrahcinik.com/tr/,,,,Evet
MedicalPark Göztepe / Prof. Dr. Kaan Gökçen,İstanbul,Kadıköy,"E5 Üzeri, Merdivenköy, Nisan Sk. No: 23, 34732 Kadıköy/İstanbul",0530 510 74 35,,https://www.instagram.com/drkaangokcen/,,,Evet
Acıbadem Sağlık Grubu,İstanbul,,Bütün Şubeler,0212 444 55 44,http://www.acibadem.com.tr/,,,,Evet
Op. Dr. Aslı Berker,İstanbul,Beşiktaş,"Akat, Ceylan Apt, Aysu Sk. No:1 K:2 D:11, 34365 Beşiktaş/İstanbul",0530 472 73 25,https://www.asliberker.com,,,,Evet
Op. Dr. Tuğba Karadeniz Atalay,Ordu,Altınordu,"Bahçelievler, Mehmetçik Blv. No:14/B, 52100 Altınordu/Ordu",0542 515 52 61,https://www.drtugbakaradenizatalay.com/,,,,Evet
Op. Dr. Nuran Kalekoğlu Erkalp,İstanbul,Bahçelievler,"Bahçelievler, D100 Yanyol Sk Metroport Busidence No:14/B Kat:7 D:702, Bahçelievler İstanbul",0212 441 58 00,https://www.drnurankalekogluerkalp.com,,,,Evet
Lale Aesthetic / Op. Dr. Lale Alakbarova Akpınar,İstanbul,Kadıköy,Fenerbahçe Mh Ahmet mithat efendi Cd Karasu apt no16/3 Kadıköy İstanbul,0552 884 29 35,,https://www.instagram.com/uzm.dr.laleelekberova/,,,Evet
Op. Dr. Betül Erdemir,İstanbul,Kartal,Kordonboyu Mah.Çiçeksuyu Sk.No.1 Dumankaya Horizon Rezidans D.100 Kartal İstanbul,0553 135 80 32,https://www.plastderm.com.tr,,,,Evet
Op.Dr.Ahmet Kürşat Yiğit,İstanbul,Kadıköy,"Bostancı, Çınarlı Sk. D: No:10 İç kapı No:3 Kadıköy/İstanbul",0530 529 11 30,https://ahmetkursatyigit.com/,,,,Evet
Op. Dr. Can Şinasi Kalkavan,İstanbul,Pendik,Doğu Mah. Yücel Sok. No:1 Pendik İstanbul,0216 585 32 00,https://www.cansinasikalkavan.com,,,,Evet
Op. Dr. Muammer Doğan,İstanbul,Üsküdar,"Acıbadem, Zerrin Sk. No:8, 34660 Üsküdar/İstanbul",,,,,,Evet
Özel Aktif Hastanesi / Op. Dr. Aydın Şölen,Yalova,Merkez,"Fevzi Çakmak, Şehir Ömer Faydalı Cad. Fırın Sk. No:33/A Merkez Yalova",0552 811 22 44,http://www.aktifhastanesi.com.tr/doktorlar/aydin-solen/,,,,Evet
Özel Lifemed Tıp Merkezi / Op. Dr. Yalçın Yarar,İstanbul,Kadıköy,"Feneryolu, Bağdat Cad. No: 191/A, 34730 Kadıköy İstanbul",0216 444 54 33,https://www.lifemed.com.tr,,,,Evet
Özel Akdamar Hospital,Van,İpekyolu,"Hatuniye, Asmin Sk No:8, 65040 İpekyolu/Van",0432 217 59 00,https://www.akdamarhospital.com.tr/,,,,Evet
Özel Sanko Hastanesi,Gaziantep,Şehitkamil,DEĞiRMiÇEM MAH. 16049 SK. NO: 2 /A ŞEHiTKAMİL / GAZiANTEP,0850 811 87 65,https://www.sankohastanesi.com.tr/index.html,,,,Evet
Vera Sm Cerrahi Tıp Merkezi,İstanbul,Küçükçekmece,"Sultan Murat, Sultan Murat Cd. 113-1, 34295 Küçükçekmece/İstanbul",0212 424 01 15,https://www.verahastanesi.com/,,,,Evet
Özel DNZ Polikliniği,İstanbul,Kağıthane,Sultan Selim Mah. Büyükdere Cad. Behçet Sokak No:2 Büyükdere İş Merkezi K:2 D:3 Kâğıthane İstanbul,0555 144 59 19,https://www.dnzpoliklinik.com,,,,Evet
Özel Ümit Hastanesi,Eskişehir,Tepebaşı,"Batıkent, Gerekli Sokak No:13, Karagözler / Tepebaşı / Eskişehir",0222 335 03 35,https://www.umithastanesi.com.tr/hospital/ozel-umit-hastanesi,,,,Evet
Elmas Poliklinik,Ankara,Çankaya,Ümit Mahallesi 2494/3 Sokak No:3 Çankaya/Ankara,0530 124 16 06,,,,,Evet
Özel Pendik Yüzyıl Hastanesi,İstanbul,Pendik,Fevzi Çakmak Mah. Tevfik İleri Cad. No:105 / Pendik / İstanbul,0216 397 59 00,https://pendikyuzyilhastanesi.com/,,,,Evet
Dr. Orçun Aktaş,İzmir,Güzelbahçe,"Kahramandere, 854. Sk. No:16/1, Güzelbahçe İzmir",0546 460 23 23,,https://www.instagram.com/drorcunaktas,,,Evet
Dr. Ahmet Akdaş,Malatya,Yeşilyurt,Özalper Mh Gülümser Cd No.37 A Yeşilyurt Malatya,0422 321 81 32,,,,,Evet
Dr. Süleyman Koyunsever,Şanlıurfa,Karaköprü,"Şenevler, 601. Cd. 37C, 63320 Karaköprü/Şanlıurfa",0534 798 21 23,https://www.drsuleymankoyunsever.com/,,,,Evet
Dr. Fatma Işın Ünay,İstanbul,Kadıköy,Bahariye Cad. No:40 Kardeş Apt. 2.Kat Kadıköy İstanbul,0216 651 87 37,,,,,Evet
Medical Park İstanbul Onkoloji Hastanesi,İstanbul,Maltepe,"Cevizli, Talatpaşa Cd No:75, 34846 Maltepe/İstanbul",0216 444 44 84,https://www.medicalpark.com.tr/hastanelerimiz/medical-park-istanbul-onkoloji-hastanesi,,,,Evet
Ümran Tıp Merkezi,İstanbul,Üsküdar,Bulgurlu Mh. İzzettin Bey Sk No:3 Üsküdar İstanbul,0216 461 94 92,https://www.umrantip.com,,,,Evet
Özel Medar Hastanesi Gölcük,Kocaeli,Gölcük,"Çiftlik, 4179. Sk. No:1, 41650 Gölcük/Kocaeli",0212 444 99 41,https://www.medarhastanesi.com.tr/hastane/golcuk-hastanesi,,,,Evet
Özel İskenderun Gelişim Hastanesi,Hatay,İskenderun,"Numune, Dr. Sadık Ahmet Cd. No:89, 31200 İskenderun/Hatay",0850 304 66 66,https://www.gelisimhastanesi.com/,,,,Evet
Shinest Estetik,İstanbul,Küçükçekmece,Atakent mah 242.sokak A no.6B Küçükçekmece İstanbul,0212 706 45 65,https://www.shinest.com.tr,,,,Evet
Dr. Caner Unay,İstanbul,Kadıköy,"Göztepe, Caddebostan, Bağdat Cad. No: 245, Kadıköy İstanbul",0543 239 30 38,,https://www.instagram.com/dr.canerunay/,,,Evet
Dr. Ceyhun Dündar,İstanbul,Bakırköy,"Zeytinlik, Ömer Naci Sk. No:8 Bakırköy/İstanbul",0541 967 38 61,https://www.drceyhundundar.com,,,,Evet
Avicenna Esenler Hastanesi,İstanbul,Esenler,"Menderes Mah. Atışalanı Cd, 307. Sk. No:2, 34205 Esenler/İstanbul",0212 440 32 32,https://www.avicennahastane.com/,,,,Evet
Özel Akademi Meram Hastanesi,Konya,Meram,Alavardı Mh Beyşehir Cd No181 Meram Konya,444 42 30,https://www.akademihastaneleri.com,,,,Evet
Dr. Aslı Yıldız,İstanbul,Şişli,"Fulya, Yeşilçimen Sokağı Polat Tower Residence Şişli İstanbul",0535 358 25 55,https://www.drasliyildiz.com,,,,Evet
Dr. Ahmet Cemil Kavaz,İstanbul,Şişli,Valikonağı cd Şakayık Sk İzmitli Apt Kat Nişantaşı Şişli İstanbul,0555 104 44 55,,https://www.instagram.com/drahmetcemilofficial,,,Evet
Dr. Seher Küçükoğlu Cesur,İstanbul,Bahçelievler,Bahçelievler mah. D100 Yanyol No:14/B Metroport Busidance 8.Kat No:802 Bahçelievler / İstanbul,0530 209 93 11,https://www.seherkucukoglucesur.com/,,,,Evet
Dr. Abdulhadi Türk,İstanbul,Şişli,Meşrutiyet Mh. Armağan Sokak. N.3/9 Nişantaşı İstanbul,0538 747 99 60,https://www.lifepointclinic.com,,,,Evet
Özel Esteliv Polikliniği,İstanbul,Beylikdüzü,"Barış Mh, Mehmetçik Cd, Ginza Lavinya Park 30/176, Beylikdüzü İstanbul",0553 762 02 24,https://www.esteliv.com.tr,,,,Evet
Akl Poliklinik / Dr. Mine Nur Zafer,İstanbul,Pendik,Yenişehir Mah. Mustafa Akyol Sok. MVK Sitesi A2 Blok No:13 D:245,0216 334 82 82,https://www.aklpoliklinik.com,,,,Evet
Dr. Semih İnce,Antalya,Muratpaşa,"Yeşilbahçe Mh. 1481. Sk. Girit Han, No:4 Kat:2 Muratpaşa Antalya",0242 316 16 63,https://www.drsemihince.com,,,,Evet
Cihan Bolat,İstanbul,Kadıköy,Suadiye mah. Bağdat Cad. Cemilbey apt. No:393/1 Daire: 14 Kadıköy İstanbul,0506 595 34 54,,https://www.instagram.com/drcihanbolat/,,,Evet
Dr. Sevcan Kan,Ordu,Ünye,Atatürk mah. Devlet sahil yolu cad. No:653 kat:4 daire:19 ünye/ordu,0534 659 17 97,,,,,Evet
Özel Balıklı Rum Hastanesi / Dr. Ahmet Osman,İstanbul,Zeytinburnu,Belgrad Kapı Yolu No:2 Zeytinburnu / İstanbul,0212 444 90 97,http://www.baliklirum.com.tr/profile/dr-ahmet-osman/,,,,Evet
Florence Nightingale Hastanesi,İstanbul,Kadıköy,Bağdat Caddesi No: 69 Kızıltoprak Kadıköy İstanbul,0216 444 04 36,,,,,Evet
Bayrampaşa Kolan Hospital,İstanbul,Bayrampaşa,"Terazidere, 60. Yıl Cd. No:3, 34035 Bayrampaşa/İstanbul",0212 444 14 43,https://kolanhastanesi.com.tr/bayrampasa-kolan-hospital/,,,,Evet
